[{"model": "sessions.session", "pk": "b8mnfexvomsh5c5oc6k3fd02hs2pvr0v", "fields": {"session_data": ".eJxVjDsOwjAQBe_iGln-JOuYkj5nsDa7Cw4gW4qTCnF3iJQC2jcz76USbmtOW5MlzazOyqrT7zYhPaTsgO9YblVTLesyT3pX9EGbHivL83K4fwcZW_7Wk43eYKQYe89EHqwLVwccAxjovISecHCGrVgIXe87QXEDGM-BwJpBvT_A-ja3:1vcGBB:PWlK4ukW4-EWJ3xPV97OJwWsIWzB0QeXt6dPIeXW1iM", "expire_date": "2026-01-18T04:57:25.585Z"}}, {"model": "sessions.session", "pk": "bb71m2x58atextb3nhj0vd7b83h2jbva", "fields": {"session_data": ".eJxVjDsOwjAQBe_iGlmJ_6ak5wzWbnaNA8iR4qRC3B0spYD2zcx7iQT7VtLeeE0zibMw4vS7IUwPrh3QHeptkdNSt3VG2RV50CavC_Hzcrh_BwVa-dYhgmWM4xgDkALKADxR1J6Rs7OYrfZaBRw80NAtpQyiyya4QA5ZvD8MIjii:1vaGJp:ePh9_UoBLwz4m9T1kZqSb18XXS_oqcFdfjLOm_uAt5k", "expire_date": "2026-01-12T16:42:05.906Z"}}, {"model": "sessions.session", "pk": "bsthda05alih1nieeg28a7ai2nn5rlmo", "fields": {"session_data": ".eJxVjDsOwjAQBe_iGlmJ_6ak5wzWbnaNA8iR4qRC3B0spYD2zcx7iQT7VtLeeE0zibMw4vS7IUwPrh3QHeptkdNSt3VG2RV50CavC_Hzcrh_BwVa-dYhgmWM4xgDkALKADxR1J6Rs7OYrfZaBRw80NAtpQyiyya4QA5ZvD8MIjii:1vaGJg:UbDph4d-XptiBQRCNBZL6KbhvLjU6R4Y_x4P7LNXylI", "expire_date": "2026-01-12T16:41:56.280Z"}}, {"model": "sessions.session", "pk": "fx9c80u8l0bajerpajgwjr5qika3gbju", "fields": {"session_data": ".eJxVjDsOwjAQBe_iGlmJ_6ak5wzWbnaNA8iR4qRC3B0spYD2zcx7iQT7VtLeeE0zibMw4vS7IUwPrh3QHeptkdNSt3VG2RV50CavC_Hzcrh_BwVa-dYhgmWM4xgDkALKADxR1J6Rs7OYrfZaBRw80NAtpQyiyya4QA5ZvD8MIjii:1vaGK4:wpPh9lLjqw_ebv17ti4uVk38JtkWfXG2OlKCPp7FGxM", "expire_date": "2026-01-12T16:42:20.217Z"}}, {"model": "sessions.session", "pk": "j26culrbskb8bkg73qme2rf3bcpmjvty", "fields": {"session_data": ".eJxVjDsOwjAQBe_iGlm2kzUOJX3OYO1POIBiKU4qxN0hUgpo38y8l8m4rSVvTZc8ibkYMKffjZAfOu9A7jjfquU6r8tEdlfsQZsdq-jzerh_BwVb-daRmSXQoHxGBN-LT14ikCOH3RBBWdEBU1QSThAoOAjM0KXeD6Jk3h8RDDja:1vcKWq:aGV3Qq8fnaQdKlVNTXVixFTv2PYO8TIiWNAml7eZtnA", "expire_date": "2026-01-18T09:36:04.172Z"}}, {"model": "sites.site", "fields": {"domain": "localhost:8000", "name": "PyEz Learning"}}, {"model": "socialaccount.socialapp", "pk": 3, "fields": {"provider": "google", "provider_id": "", "name": "Google OAuth", "client_id": "743270219955-ug1ggrpibguvmf92h7327gpfthr3hnrm.apps.googleusercontent.com", "secret": "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", "key": "", "settings": {}, "sites": [["localhost:8000"]]}}, {"model": "users.user", "fields": {"password": "pbkdf2_sha256$1000000$9l4X7PzU8gAKrmh5X42Pd2$/ucet7S0bOllT2bO1gqKDp5vRB47AeHHCYq2wvgCEI0=", "last_login": "2026-01-04T08:43:45.626Z", "is_superuser": false, "username": "Test1", "first_name": "John", "last_name": "Doe", "email": "Test1@gmail.com", "is_staff": false, "is_active": true, "date_joined": "2025-12-28T05:14:18.450Z", "role": "student", "student_class": "10A2", "star_points": 60, "progress_percent": 23, "google_id": null, "profile_picture": "", "bio": "", "created_at": "2025-12-28T05:14:18.873Z", "gender": "male", "groups": [], "user_permissions": []}}, {"model": "users.user", "fields": {"password": "pbkdf2_sha256$1000000$Ymr2evsf74NlR42BIFKgWr$2wlWoPRUWYQuETavi7NsbVLDcswC4iroHVLNz8dmm/Y=", "last_login": "2026-01-04T09:34:26.356Z", "is_superuser": false, "username": "barry189", "first_name": "Barry", "last_name": "Allen", "email": "Test2@gmail.com", "is_staff": false, "is_active": true, "date_joined": "2025-12-28T15:53:17.369Z", "role": "student", "student_class": "10C5", "star_points": 33, "progress_percent": 17, "google_id": null, "profile_picture": "profiles/Screenshot_2025-09-12_at_14.51.32.png", "bio": "Hello my friends!", "created_at": "2025-12-28T15:53:17.699Z", "gender": "female", "groups": [], "user_permissions": []}}, {"model": "users.user", "fields": {"password": "pbkdf2_sha256$1000000$4PATE4Kes2DSvktp9uNFl6$KLxK21QxbGUud0XT9ovpnRK7aRfUgPxBnfuXgAPw+es=", "last_login": "2026-01-02T13:05:12.621Z", "is_superuser": false, "username": "park@11", "first_name": "Peter", "last_name": "Parker", "email": "Test3@gmail.com", "is_staff": false, "is_active": false, "date_joined": "2025-12-29T14:22:23.579Z", "role": "student", "student_class": "10A1", "star_points": 0, "progress_percent": 0, "google_id": null, "profile_picture": "profiles/468325209_1682087065669920_7739958017604667509_n.jpg", "bio": "", "created_at": "2025-12-29T14:22:25.737Z", "gender": "female", "groups": [], "user_permissions": []}}, {"model": "users.user", "fields": {"password": "pbkdf2_sha256$1000000$EgkyiAfHr5EbQmd2EAoA0i$zIHtfEy83yZMCs7OKEXV/iwKyJUr8QGpRoHwapYHWMY=", "last_login": "2026-01-04T09:02:56.961Z", "is_superuser": true, "username": "admin", "first_name": "Admin", "last_name": "", "email": "admin@pyez.com", "is_staff": true, "is_active": true, "date_joined": "2025-12-29T15:43:12.806Z", "role": "admin", "student_class": null, "star_points": 50, "progress_percent": 0, "google_id": null, "profile_picture": "", "bio": "", "created_at": "2025-12-29T15:43:12.806Z", "gender": "other", "groups": [], "user_permissions": []}}, {"model": "users.user", "fields": {"password": "pbkdf2_sha256$1000000$jlWRTX9BnVGmQimcqTU7bV$XdUvBHXF7QY7NU6t7NFdyfDBbSo2M5Ctj0S5K4EdRfk=", "last_login": "2026-01-04T09:36:04.171Z", "is_superuser": false, "username": "Teacher1", "first_name": "Tony", "last_name": "Stark", "email": "Teacher1@gmail.com", "is_staff": false, "is_active": true, "date_joined": "2025-12-29T15:56:04.426Z", "role": "teacher", "student_class": null, "star_points": 6, "progress_percent": 0, "google_id": null, "profile_picture": "profiles/PyEz-favicon.png", "bio": "", "created_at": "2025-12-29T15:56:04.766Z", "gender": "female", "groups": [], "user_permissions": []}}, {"model": "users.user", "fields": {"password": "pbkdf2_sha256$1000000$dllPySqiioyDQKvke33Jbl$LQUC1bAXajcqeujs4YA4ljIq66EJDu00mWtWf2f4V/Q=", "last_login": "2026-01-03T08:09:18.018Z", "is_superuser": false, "username": "kent@io", "first_name": "Clark", "last_name": "Kent", "email": "Test4@gmail.com", "is_staff": false, "is_active": true, "date_joined": "2025-12-29T17:01:42.741Z", "role": "student", "student_class": null, "star_points": 0, "progress_percent": 0, "google_id": null, "profile_picture": "profiles/507999963_1417226689600657_9026823334549080523_n.jpeg", "bio": null, "created_at": "2025-12-29T17:01:43.113Z", "gender": "male", "groups": [], "user_permissions": []}}, {"model": "users.user", "fields": {"password": "pbkdf2_sha256$1000000$ObjEHKZ0s3gdYX4agIpSJ5$QgiJtude46Wr1Y0MN0KRL01jTd+/7Gy1xYJ2x4ULOoM=", "last_login": "2026-01-04T08:46:28.926Z", "is_superuser": false, "username": "diana41", "first_name": "Diana", "last_name": "Prince", "email": "Test5@gmail.com", "is_staff": false, "is_active": true, "date_joined": "2025-12-31T08:55:22.807Z", "role": "student", "student_class": "10C5", "star_points": 10, "progress_percent": 0, "google_id": null, "profile_picture": "", "bio": "", "created_at": "2025-12-31T08:55:23.094Z", "gender": "male", "groups": [], "user_permissions": []}}, {"model": "users.user", "fields": {"password": "pbkdf2_sha256$1000000$AFKcZUWgOd2uiDb1Q2r1pD$Cu8JGsmHjAU+UeyAn9nFR8lx+aUf9iDp108QBJ6SLsA=", "last_login": "2026-01-03T08:25:18.703Z", "is_superuser": false, "username": "coral98", "first_name": "Carol", "last_name": "Danvers", "email": "Test6@gmail.com", "is_staff": false, "is_active": true, "date_joined": "2026-01-01T02:50:27.124Z", "role": "student", "student_class": "10A1", "star_points": 10, "progress_percent": 5, "google_id": null, "profile_picture": "profiles/Wall.webp", "bio": "", "created_at": "2026-01-01T02:50:27.540Z", "gender": "female", "groups": [], "user_permissions": []}}, {"model": "users.user", "fields": {"password": "pbkdf2_sha256$1000000$IRRIu2sJPBHRGiWd9aAnKQ$joxRyxz+p2QXpAzQYkrZYFDwoqt64Kj6+B7te84kFL8=", "last_login": "2026-01-02T10:32:17.204Z", "is_superuser": false, "username": "teacher2", "first_name": "bi", "last_name": "trần", "email": "teacher2@gmail.com", "is_staff": false, "is_active": true, "date_joined": "2026-01-02T10:31:48.974Z", "role": "teacher", "student_class": null, "star_points": 0, "progress_percent": 0, "google_id": null, "profile_picture": "", "bio": null, "created_at": "2026-01-02T10:31:49.335Z", "gender": "male", "groups": [], "user_permissions": []}}, {"model": "users.user", "fields": {"password": "!7Qpr7EZ4StgaX9TdQ0ffQQ6PXY8Ni1Pgt3quBDDf", "last_login": "2026-01-04T08:16:37.834Z", "is_superuser": false, "username": "vankien41hust", "first_name": "Kiên", "last_name": "Nguyễn Văn", "email": "vankien41hust@gmail.com", "is_staff": false, "is_active": true, "date_joined": "2026-01-04T02:36:37.716Z", "role": "student", "student_class": null, "star_points": 0, "progress_percent": 0, "google_id": "108948372441562664420", "profile_picture": "profiles/google_108948372441562664420.jpg", "bio": null, "created_at": "2026-01-04T02:36:37.719Z", "gender": null, "groups": [], "user_permissions": []}}, {"model": "curriculum.lesson", "pk": 1, "fields": {"chapter": null, "title": "Một số lệnh làm việc với xâu ký tự", "order": 10, "points_value": 20, "video": "q8pik4BaNTM", "pdf_file": "lessons/docs/Bài 10_Một số lệnh làm việc với xâu ký tự.pdf", "game": "Game2.html", "quiz": [{"question_id": 1, "question": "Phương thức nào dùng để chuyển xâu thành chữ hoa?", "option1": "uppercase()", "option2": "upper()", "option3": "toUpper()", "option4": "capitalize()", "answer": 2}, {"question_id": 2, "question": "Phương thức split() làm gì?", "option1": "Nối các xâu lại", "option2": "Tách xâu thành danh sách các từ", "option3": "Xóa khoảng trắng", "option4": "Đảo ngược xâu", "answer": 2}, {"question_id": 3, "question": "Phương thức strip() có tác dụng gì?", "option1": "Xóa tất cả ký tự trong xâu", "option2": "Xóa khoảng trắng ở đầu và cuối xâu", "option3": "Tách xâu thành các từ", "option4": "Chuyển xâu thành số", "answer": 2}, {"question_id": 4, "question": "Phương thức replace(old, new) làm gì?", "option1": "Xóa xâu", "option2": "Thay thế xâu old bằng xâu new", "option3": "Nối hai xâu", "option4": "Tìm kiếm xâu", "answer": 2}, {"question_id": 5, "question": "Cho s = \"  hello  \". Kết quả của s.strip() là gì?", "option1": "  hello  ", "option2": "hello", "option3": "  hello", "option4": "hello  ", "answer": 2}], "coding": [{"question_id": 1, "question": "Viết chương trình nhận một chuỗi từ người dùng và in ra chuỗi đó dưới dạng chữ HOA.\n\nYêu cầu:\n- Nhận chuỗi từ người dùng\n- Chuyển đổi thành chữ HOA bằng phương thức upper()\n- In ra kết quả", "test_cases": [{"input": "hello", "expected_output": "HELLO"}, {"input": "Python", "expected_output": "PYTHON"}, {"input": "xin chào", "expected_output": "XIN CHÀO"}], "starter_code": "# Viết code của bạn ở đây\ns = input()\n\n"}, {"question_id": 2, "question": "Viết chương trình nhận một chuỗi từ người dùng và đếm số ký tự trong chuỗi đó (không tính khoảng trắng).\n\nYêu cầu:\n- Nhận chuỗi từ người dùng\n- Đếm số ký tự không bao gồm khoảng trắng\n- In ra số lượng", "test_cases": [{"input": "hello", "expected_output": "5"}, {"input": "xin chao", "expected_output": "7"}, {"input": "a b c", "expected_output": "3"}], "starter_code": "# Viết code của bạn ở đây\ns = input()\n\n"}]}}, {"model": "curriculum.lesson", "pk": 2, "fields": {"chapter": null, "title": "Hàm trong Python", "order": 11, "points_value": 20, "video": "3Jm_pBRzN_8", "pdf_file": "lessons/docs/Bài 11_Hàm trong Python.pdf", "game": "", "quiz": [{"question_id": 1, "question": "Hàm trong Python là gì?", "option1": "Một khối code có thể tái sử dụng để thực hiện một nhiệm vụ cụ thể", "option2": "Một biến đặc biệt", "option3": "Một vòng lặp", "option4": "Một câu lệnh điều kiện", "answer": 1}, {"question_id": 2, "question": "Từ khóa nào dùng để định nghĩa hàm trong Python?", "option1": "function", "option2": "def", "option3": "func", "option4": "define", "answer": 2}, {"question_id": 3, "question": "Cú pháp nào đúng để định nghĩa hàm tên greeting?", "option1": "def greeting():", "option2": "function greeting():", "option3": "def greeting:", "option4": "function greeting:", "answer": 1}, {"question_id": 4, "question": "Từ khóa nào dùng để trả về giá trị từ hàm?", "option1": "return", "option2": "give", "option3": "output", "option4": "result", "answer": 1}, {"question_id": 5, "question": "Hàm nào sau đây trả về tổng hai số?", "option1": "def sum(a, b): print(a + b)", "option2": "def sum(a, b): return a + b", "option3": "def sum(a, b): a + b", "option4": "def sum: return a + b", "answer": 2}], "coding": [{"question_id": 1, "question": "Viết một hàm tên là chao() không có tham số, khi được gọi sẽ in ra 'Xin chào!'. Sau đó gọi hàm này.\n\nYêu cầu:\n- Định nghĩa hàm chao()\n- Hàm in ra 'Xin chào!'\n- Gọi hàm", "test_cases": [{"input": "", "expected_output": "Xin chào!"}], "starter_code": "# Viết code của bạn ở đây\n# Định nghĩa hàm chao()\n\n# Gọi hàm\n"}, {"question_id": 2, "question": "Viết một hàm tên là binh_phuong() nhận một số làm tham số và trả về bình phương của số đó. Sau đó gọi hàm với số 5 và in ra kết quả.\n\nYêu cầu:\n- Định nghĩa hàm binh_phuong(n)\n- Hàm trả về n * n\n- Gọi hàm với số 5 và in kết quả (25)", "test_cases": [{"input": "", "expected_output": "25"}], "starter_code": "# Viết code của bạn ở đây\n# Định nghĩa hàm binh_phuong(n)\n\n# Gọi hàm và in kết quả\n"}]}}, {"model": "curriculum.lesson", "pk": 3, "fields": {"chapter": null, "title": "Tham số của hàm", "order": 12, "points_value": 20, "video": "utPUELFJyvc", "pdf_file": "lessons/docs/Bài 12_Tham số của hàm.pdf", "game": "", "quiz": [{"question_id": 1, "question": "Tham số của hàm là gì?", "option1": "Giá trị trả về của hàm", "option2": "Biến được truyền vào hàm khi gọi hàm", "option3": "Tên của hàm", "option4": "Kết quả của hàm", "answer": 2}, {"question_id": 2, "question": "Hàm có thể có bao nhiêu tham số?", "option1": "Chỉ một", "option2": "Tối đa ba", "option3": "Không hoặc nhiều tham số", "option4": "Bắt buộc phải có ít nhất một", "answer": 3}, {"question_id": 3, "question": "Tham số mặc định trong Python là gì?", "option1": "Tham số bắt buộc phải truyền", "option2": "Tham số có giá trị được gán sẵn", "option3": "Tham số đầu tiên của hàm", "option4": "Tham số cuối cùng của hàm", "answer": 2}, {"question_id": 4, "question": "Cách định nghĩa hàm với tham số mặc định nào đúng?", "option1": "def greet(name = \"Guest\"):", "option2": "def greet(name: \"Guest\"):", "option3": "def greet(default name = \"Guest\"):", "option4": "def greet(name == \"Guest\"):", "answer": 1}, {"question_id": 5, "question": "Khi gọi hàm def calculate(a, b=5): return a + b với calculate(3), kết quả là gì?", "option1": "3", "option2": "5", "option3": "8", "option4": "Lỗi", "answer": 3}], "coding": [{"question_id": 1, "question": "Viết một hàm tong(a, b) nhận hai số và trả về tổng của chúng. Gọi hàm với 3 và 7, in ra kết quả.\n\nYêu cầu:\n- Định nghĩa hàm tong(a, b)\n- Trả về a + b\n- Gọi hàm với 3 và 7, in kết quả (10)", "test_cases": [{"input": "", "expected_output": "10"}], "starter_code": "# Viết code của bạn ở đây\n\n"}, {"question_id": 2, "question": "Viết một hàm chao_ten(ten='Bạn') có tham số mặc định. Hàm in ra 'Xin chào, [ten]!'. Gọi hàm hai lần: một lần không có tham số và một lần với tham số 'An'.\n\nYêu cầu:\n- Định nghĩa hàm với tham số mặc định\n- Gọi hai lần và in kết quả", "test_cases": [{"input": "", "expected_output": "Xin chào, Bạn!\nXin chào, An!"}], "starter_code": "# Viết code của bạn ở đây\n\n"}]}}, {"model": "curriculum.lesson", "pk": 4, "fields": {"chapter": null, "title": "Phạm vi của biến", "order": 13, "points_value": 20, "video": "usTZcZL-KvU", "pdf_file": "lessons/docs/Bài 13_Phạm vi của biến.pdf", "game": "Game1.html", "quiz": [{"question_id": 1, "question": "Phạm vi của biến (variable scope) là gì?", "option1": "Giá trị của biến", "option2": "Vùng mã code mà biến có thể được truy cập", "option3": "Kiểu dữ liệu của biến", "option4": "Tên của biến", "answer": 2}, {"question_id": 2, "question": "Biến cục bộ (local variable) là gì?", "option1": "Biến được định nghĩa bên trong hàm", "option2": "Biến được định nghĩa bên ngoài hàm", "option3": "Biến có thể truy cập ở mọi nơi", "option4": "Biến hằng số", "answer": 1}, {"question_id": 3, "question": "Biến toàn cục (global variable) là gì?", "option1": "Biến chỉ dùng trong hàm", "option2": "Biến được định nghĩa bên ngoài tất cả các hàm", "option3": "Biến tạm thời", "option4": "Biến không thể thay đổi", "answer": 2}, {"question_id": 4, "question": "Từ khóa nào dùng để khai báo biến toàn cục trong hàm?", "option1": "global", "option2": "public", "option3": "external", "option4": "universal", "answer": 1}, {"question_id": 5, "question": "Nếu có biến cục bộ và biến toàn cục cùng tên, biến nào được ưu tiên trong hàm?", "option1": "Biến toàn cục", "option2": "Biến cục bộ", "option3": "Cả hai đều được sử dụng", "option4": "Báo lỗi", "answer": 2}], "coding": [{"question_id": 1, "question": "Viết chương trình tạo một biến toàn cục x = 10, sau đó tạo một hàm in_x() để in giá trị của x. Gọi hàm này.\n\nYêu cầu:\n- Tạo biến x = 10 bên ngoài hàm\n- Định nghĩa hàm in_x() in ra x\n- Gọi hàm (kết quả: 10)", "test_cases": [{"input": "", "expected_output": "10"}], "starter_code": "# Viết code của bạn ở đây\n\n"}, {"question_id": 2, "question": "Viết một hàm doi_gia_tri() sử dụng từ khóa global để thay đổi giá trị của biến toàn cục y từ 5 thành 15. In ra y trước và sau khi gọi hàm.\n\nYêu cầu:\n- Tạo y = 5\n- In y (5)\n- Định nghĩa hàm thay đổi y thành 15\n- Gọi hàm\n- In y (15)", "test_cases": [{"input": "", "expected_output": "5\n15"}], "starter_code": "# Viết code của bạn ở đây\ny = 5\n\n"}]}}, {"model": "curriculum.lesson", "pk": 5, "fields": {"chapter": null, "title": "Nhận biết lỗi chương trình", "order": 14, "points_value": 20, "video": "rmp1qMQZmtc", "pdf_file": "lessons/docs/Bài 14_Nhận biết lỗi chương trình.pdf", "game": "", "quiz": [{"question_id": 1, "question": "Lỗi cú pháp (syntax error) là gì?", "option1": "Lỗi logic trong chương trình", "option2": "Lỗi vi phạm quy tắc ngôn ngữ lập trình", "option3": "Lỗi khi chạy chương trình", "option4": "Lỗi về hiệu suất", "answer": 2}, {"question_id": 2, "question": "Lỗi runtime (lỗi thời gian chạy) xảy ra khi nào?", "option1": "Khi viết code", "option2": "Khi chương trình đang chạy", "option3": "Khi lưu file", "option4": "Khi thiết kế thuật toán", "answer": 2}, {"question_id": 3, "question": "Lỗi logic (logical error) là gì?", "option1": "Lỗi cú pháp", "option2": "Chương trình chạy nhưng cho kết quả sai", "option3": "Chương trình không chạy được", "option4": "Lỗi khi biên dịch", "answer": 2}, {"question_id": 4, "question": "Lỗi nào dễ phát hiện nhất?", "option1": "Lỗi logic", "option2": "Lỗi runtime", "option3": "Lỗi cú pháp", "option4": "Tất cả đều khó như nhau", "answer": 3}, {"question_id": 5, "question": "Lỗi ZeroDivisionError thuộc loại lỗi nào?", "option1": "Lỗi cú pháp", "option2": "Lỗi logic", "option3": "Lỗi runtime", "option4": "Không phải lỗi", "answer": 3}], "coding": [{"question_id": 1, "question": "Viết chương trình sử dụng try-except để xử lý lỗi khi chia một số cho 0. Nhận hai số từ người dùng, thực hiện phép chia. Nếu chia cho 0, in 'Lỗi: Không thể chia cho 0', ngược lại in kết quả.\n\nYêu cầu:\n- Nhận hai số a và b\n- Thử chia a cho b\n- Xử lý ngoại lệ ZeroDivisionError", "test_cases": [{"input": "10\n2", "expected_output": "5.0"}, {"input": "10\n0", "expected_output": "Lỗi: Không thể chia cho 0"}], "starter_code": "# Viết code của bạn ở đây\na = int(input())\nb = int(input())\n\n"}, {"question_id": 2, "question": "Viết chương trình nhận một chuỗi từ người dùng và thử chuyển đổi thành số nguyên. Nếu thành công, in ra số đó. Nếu thất bại, in 'Lỗi: Không phải số'.\n\nYêu cầu:\n- Nhận chuỗi từ người dùng\n- Thử chuyển đổi thành int\n- Xử lý ngoại lệ ValueError", "test_cases": [{"input": "123", "expected_output": "123"}, {"input": "abc", "expected_output": "Lỗi: Không phải số"}], "starter_code": "# Viết code của bạn ở đây\ns = input()\n\n"}]}}, {"model": "curriculum.lesson", "pk": 6, "fields": {"chapter": null, "title": "Kiểm thử và gỡ lỗi chương trình", "order": 15, "points_value": 20, "video": "donqdiNyAq0", "pdf_file": "lessons/docs/Bài 15_Kiểm thử và gỡ lỗi chương trình.pdf", "game": "", "quiz": [{"question_id": 1, "question": "Kiểm thử (testing) chương trình là gì?", "option1": "Viết code mới", "option2": "Chạy thử chương trình để tìm lỗi", "option3": "Xóa chương trình", "option4": "Tối ưu hóa code", "answer": 2}, {"question_id": 2, "question": "Gỡ lỗi (debugging) là gì?", "option1": "Viết mã lỗi", "option2": "Tìm và sửa lỗi trong chương trình", "option3": "Chạy chương trình", "option4": "Tối ưu code", "answer": 2}, {"question_id": 3, "question": "Lệnh print() có thể dùng để làm gì trong gỡ lỗi?", "option1": "Xóa lỗi tự động", "option2": "Hiển thị giá trị biến để theo dõi", "option3": "Tối ưu code", "option4": "Biên dịch chương trình", "answer": 2}, {"question_id": 4, "question": "Breakpoint trong debugging là gì?", "option1": "Điểm dừng để kiểm tra trạng thái chương trình", "option2": "Lỗi trong code", "option3": "Kết thúc chương trình", "option4": "Một hàm đặc biệt", "answer": 1}, {"question_id": 5, "question": "Tại sao cần kiểm thử chương trình?", "option1": "Để làm chương trình chạy chậm hơn", "option2": "Để đảm bảo chương trình hoạt động đúng", "option3": "Để tăng kích thước file", "option4": "Không cần thiết", "answer": 2}], "coding": [{"question_id": 1, "question": "Viết hàm kiem_tra_so_duong(n) kiểm tra xem một số có phải là số dương không. Trả về True nếu đúng, False nếu sai. Test với số 5 và -3.\n\nYêu cầu:\n- Định nghĩa hàm kiem_tra_so_duong(n)\n- Trả về True nếu n > 0, ngược lại False\n- Test và in kết quả cho cả hai trường hợp", "test_cases": [{"input": "", "expected_output": "True\nFalse"}], "starter_code": "# Viết code của bạn ở đây\n\n"}, {"question_id": 2, "question": "Viết hàm tim_max(a, b, c) trả về số lớn nhất trong ba số. Test với 5, 12, 8.\n\nYêu cầu:\n- Định nghĩa hàm tim_max(a, b, c)\n- Trả về số lớn nhất\n- Gọi với 5, 12, 8 và in kết quả (12)", "test_cases": [{"input": "", "expected_output": "12"}], "starter_code": "# Viết code của bạn ở đây\n\n"}]}}, {"model": "curriculum.lesson", "pk": 7, "fields": {"chapter": null, "title": "Thực hành viết chương trình đơn giản", "order": 16, "points_value": 20, "video": "ovmFVwPKpPY", "pdf_file": "lessons/docs/Bài 16_Thực hành viết chương trình đơn giản.pdf", "game": "Game3.html", "quiz": [{"question_id": 1, "question": "Khi viết chương trình, bước đầu tiên quan trọng nhất là gì?", "option1": "Viết code ngay lập tức", "option2": "Phân tích bài toán và thiết kế thuật toán", "option3": "Kiểm thử chương trình", "option4": "Tối ưu hóa code", "answer": 2}, {"question_id": 2, "question": "Chương trình tính tổng hai số cần những bước nào?", "option1": "Chỉ cần in ra kết quả", "option2": "Nhập hai số, tính tổng, in kết quả", "option3": "Chỉ cần khai báo biến", "option4": "Không cần làm gì", "answer": 2}, {"question_id": 3, "question": "Để làm cho code dễ đọc và bảo trì, ta nên làm gì?", "option1": "Viết tất cả trên một dòng", "option2": "Không cần comment", "option3": "Đặt tên biến ngắn gọn như a, b, c", "option4": "Sử dụng tên biến có ý nghĩa và thêm comment", "answer": 4}, {"question_id": 4, "question": "Khi viết chương trình kiểm tra số chẵn lẻ, ta dùng toán tử nào?", "option1": "//", "option2": "%", "option3": "**", "option4": "+=", "answer": 2}, {"question_id": 5, "question": "Chương trình tìm số lớn nhất trong danh sách nên sử dụng cấu trúc nào?", "option1": "Chỉ dùng biến", "option2": "Vòng lặp và câu lệnh if", "option3": "Chỉ dùng hàm print", "option4": "Không cần vòng lặp", "answer": 2}], "coding": [{"question_id": 1, "question": "Viết chương trình nhận một số nguyên n từ người dùng và in ra bảng cửu chương của n từ 1 đến 10.\n\nYêu cầu:\n- Nhận số n\n- In ra: n x 1 = kết quả, n x 2 = kết quả, ..., n x 10 = kết quả\n- Mỗi dòng một phép tính\n\nVí dụ với n=2:\n2 x 1 = 2\n2 x 2 = 4\n...\n2 x 10 = 20", "test_cases": [{"input": "3", "expected_output": "3 x 1 = 3\n3 x 2 = 6\n3 x 3 = 9\n3 x 4 = 12\n3 x 5 = 15\n3 x 6 = 18\n3 x 7 = 21\n3 x 8 = 24\n3 x 9 = 27\n3 x 10 = 30"}], "starter_code": "# Viết code của bạn ở đây\nn = int(input())\n\n"}, {"question_id": 2, "question": "Viết chương trình tính giai thừa của một số n (n!).\n\nYêu cầu:\n- Nhận số n từ người dùng\n- Tính n! = n × (n-1) × (n-2) × ... × 1\n- In ra kết quả\n\nVí dụ: 5! = 5 × 4 × 3 × 2 × 1 = 120", "test_cases": [{"input": "5", "expected_output": "120"}, {"input": "3", "expected_output": "6"}, {"input": "1", "expected_output": "1"}], "starter_code": "# Viết code của bạn ở đây\nn = int(input())\n\n"}]}}, {"model": "curriculum.lesson", "pk": 8, "fields": {"chapter": null, "title": "Ôn tập lập trình Python", "order": 17, "points_value": 20, "video": "TFwAkHXUhm8", "pdf_file": "lessons/docs/Bài 17_Ôn tập lập trình Python.pdf", "game": "Game3.html", "quiz": [{"question_id": 1, "question": "Kiểu dữ liệu nào trong Python là bất biến (immutable)?", "option1": "list", "option2": "dict", "option3": "str", "option4": "set", "answer": 3}, {"question_id": 2, "question": "Kết quả của biểu thức: 10 // 3 là gì?", "option1": "3.33", "option2": "3", "option3": "4", "option4": "1", "answer": 2}, {"question_id": 3, "question": "Cách nào đúng để tạo danh sách chứa các số từ 0 đến 9?", "option1": "list(0, 9)", "option2": "list(range(10))", "option3": "[0-9]", "option4": "range[10]", "answer": 2}, {"question_id": 4, "question": "Toán tử nào dùng để kiểm tra xem một giá trị có trong danh sách không?", "option1": "is", "option2": "in", "option3": "has", "option4": "contains", "answer": 2}, {"question_id": 5, "question": "Cho list = [1, 2, 3, 4, 5]. Kết quả của list[1:4] là gì?", "option1": "[1, 2, 3, 4]", "option2": "[2, 3, 4]", "option3": "[2, 3, 4, 5]", "option4": "[1, 2, 3]", "answer": 2}, {"question_id": 6, "question": "Phương thức nào dùng để thêm nhiều phần tử vào cuối danh sách?", "option1": "append()", "option2": "extend()", "option3": "add()", "option4": "insert()", "answer": 2}, {"question_id": 7, "question": "Cách nào đúng để đọc file trong Python?", "option1": "open('file.txt', 'r')", "option2": "read('file.txt')", "option3": "file('file.txt')", "option4": "load('file.txt')", "answer": 1}, {"question_id": 8, "question": "Từ khóa nào dùng để bắt ngoại lệ (exception) trong Python?", "option1": "catch", "option2": "except", "option3": "error", "option4": "handle", "answer": 2}, {"question_id": 9, "question": "Cách nào đúng để tạo dictionary trong Python?", "option1": "{'name': 'John', 'age': 25}", "option2": "['name': 'John', 'age': 25]", "option3": "('name': 'John', 'age': 25)", "option4": "<'name': 'John', 'age': 25>", "answer": 1}, {"question_id": 10, "question": "Để tạo comment nhiều dòng trong Python, ta dùng gì?", "option1": "// comment //", "option2": "/* comment */", "option3": "''' comment '''", "option4": "# comment #", "answer": 3}], "coding": [{"question_id": 1, "question": "Viết hàm kiem_tra_nguyen_to(n) kiểm tra xem một số có phải là số nguyên tố không. Trả về True nếu đúng, False nếu sai. Test với số 7 và 8.\n\nYêu cầu:\n- Số nguyên tố là số chỉ chia hết cho 1 và chính nó\n- Test và in kết quả", "test_cases": [{"input": "", "expected_output": "True\nFalse"}], "starter_code": "# Viết code của bạn ở đây\n\n"}, {"question_id": 2, "question": "Viết chương trình đảo ngược một chuỗi. Nhận chuỗi từ người dùng và in ra chuỗi đảo ngược.\n\nYêu cầu:\n- Nhận chuỗi từ người dùng\n- Đảo ngược chuỗi\n- In ra kết quả\n\nVí dụ: 'hello' -> 'olleh'", "test_cases": [{"input": "hello", "expected_output": "olleh"}, {"input": "Python", "expected_output": "nohtyP"}, {"input": "123", "expected_output": "321"}], "starter_code": "# Viết code của bạn ở đây\ns = input()\n\n"}, {"question_id": 3, "question": "Viết chương trình tạo một dictionary (từ điển) chứa thông tin về một học sinh: tên, tuổi, lớp. Sau đó in ra từng thông tin.\n\nYêu cầu:\n- Tạo dict: {'ten': 'An', 'tuoi': 15, 'lop': '10A'}\n- In ra: An, 15, 10A (mỗi giá trị trên một dòng)", "test_cases": [{"input": "", "expected_output": "An\n15\n10A"}], "starter_code": "# Viết code của bạn ở đây\n\n"}]}}, {"model": "curriculum.lesson", "pk": 9, "fields": {"chapter": null, "title": "NNLT bậc cao và python", "order": 1, "points_value": 20, "video": "WAFMOxkTLqU", "pdf_file": "lessons/docs/Bài 1_NNLT bậc cao và python.pdf", "game": "", "quiz": [{"question_id": 1, "question": "Ngôn ngữ lập trình là gì?", "option1": "Bộ quy tắc, ký hiệu và từ khóa giúp con người giao tiếp và ra lệnh cho máy tính hiểu và thực thi các tác vụ, tạo ra phần mềm, ứng dụng hay website", "option2": "Một trình duyệt web", "option3": "Một hệ điều hành", "option4": "Một hệ quản trị cơ sở dữ liệu", "answer": 1}, {"question_id": 2, "question": "Python thuộc loại ngôn ngữ lập trình nào?", "option1": "Ngôn ngữ bậc thấp", "option2": "Ngôn ngữ bậc cao", "option3": "Ngôn ngữ máy", "option4": "Ngôn ngữ Assembly", "answer": 2}, {"question_id": 3, "question": "Ưu điểm nổi bật của Python là gì?", "option1": "Cú pháp phức tạp và khó hiểu", "option2": "Chỉ chạy được trên Windows", "option3": "Cú pháp đơn giản, dễ học và dễ đọc", "option4": "Tốc độ thực thi nhanh nhất trong tất cả các ngôn ngữ", "answer": 3}, {"question_id": 4, "question": "Ngôn ngữ lập trình bậc cao khác với ngôn ngữ bậc thấp như thế nào?", "option1": "Gần với ngôn ngữ tự nhiên hơn và dễ học hơn", "option2": "Chạy nhanh hơn và tiết kiệm bộ nhớ hơn", "option3": "Chỉ có thể viết phần mềm hệ thống", "option4": "Không cần biên dịch hoặc thông dịch", "answer": 1}, {"question_id": 5, "question": "Python được sử dụng phổ biến trong lĩnh vực nào?", "option1": "Chỉ phát triển game", "option2": "Phân tích dữ liệu, trí tuệ nhân tạo, phát triển web", "option3": "Chỉ lập trình nhúng", "option4": "Chỉ thiết kế đồ họa", "answer": 2}], "coding": []}}, {"model": "curriculum.lesson", "pk": 10, "fields": {"chapter": null, "title": "Biến và lệnh gán", "order": 2, "points_value": 20, "video": "fp_fQ8gNpNo", "pdf_file": "lessons/docs/Bài 2_Biến và lệnh gán.pdf", "game": "", "quiz": [{"question_id": 1, "question": "Biến trong Python là gì?", "option1": "Một vùng nhớ để lưu trữ giá trị dữ liệu", "option2": "Một hàm toán học", "option3": "Một loại vòng lặp", "option4": "Một câu lệnh điều kiện", "answer": 1}, {"question_id": 2, "question": "Cách khai báo biến nào sau đây là đúng trong Python?", "option1": "int x = 5", "option2": "var x = 5", "option3": "x = 5", "option4": "dim x = 5", "answer": 3}, {"question_id": 3, "question": "Lệnh gán trong Python sử dụng ký hiệu nào?", "option1": "==", "option2": "=", "option3": ":=", "option4": "->", "answer": 2}, {"question_id": 4, "question": "Tên biến nào sau đây là hợp lệ trong Python?", "option1": "2name", "option2": "my-name", "option3": "my_name", "option4": "for", "answer": 3}, {"question_id": 5, "question": "Sau khi thực hiện đoạn code: x = 10; y = x; x = 20. Giá trị của y là bao nhiêu?", "option1": "20", "option2": "10", "option3": "30", "option4": "0", "answer": 2}], "coding": []}}, {"model": "curriculum.lesson", "pk": 11, "fields": {"chapter": null, "title": "Các lệnh vào ra đơn giản", "order": 3, "points_value": 20, "video": "NyjwcV_at8Q", "pdf_file": "lessons/docs/Bài 3_Các lệnh vào ra đơn giản.pdf", "game": "", "quiz": [{"question_id": 1, "question": "Hàm nào dùng để xuất dữ liệu ra màn hình trong Python?", "option1": "input()", "option2": "print()", "option3": "output()", "option4": "display()", "answer": 2}, {"question_id": 2, "question": "Hàm nào dùng để nhận dữ liệu từ bàn phím trong Python?", "option1": "get()", "option2": "read()", "option3": "input()", "option4": "scan()", "answer": 3}, {"question_id": 3, "question": "Kiểu dữ liệu mặc định của hàm input() là gì?", "option1": "int", "option2": "float", "option3": "str", "option4": "bool", "answer": 3}, {"question_id": 4, "question": "Để chuyển đổi chuỗi thành số nguyên, ta dùng hàm nào?", "option1": "str()", "option2": "int()", "option3": "float()", "option4": "number()", "answer": 2}, {"question_id": 5, "question": "Kết quả của lệnh print(\"Hello\", \"World\") là gì?", "option1": "HelloWorld", "option2": "Hello World", "option3": "Hello,World", "option4": "Lỗi cú pháp", "answer": 2}], "coding": [{"question_id": 1, "question": "Viết chương trình Python yêu cầu người dùng nhập tên của họ và in ra lời chào.\n\nYêu cầu:\n- Sử dụng hàm input() để nhận tên từ người dùng\n- In ra câu: 'Xin chào, [tên]!' (trong đó [tên] là tên người dùng nhập vào)\n\nVí dụ:\nNếu người dùng nhập: 'An'\nChương trình sẽ in ra: 'Xin chào, An!'", "test_cases": [{"input": "An", "expected_output": "Xin chào, An!"}, {"input": "Minh", "expected_output": "Xin chào, Minh!"}, {"input": "Linh Nguyen", "expected_output": "Xin chào, Linh Nguyen!"}], "starter_code": "# Viết code của bạn ở đây\n# Sử dụng input() để nhận tên từ người dùng\n# In ra lời chào\n\n"}]}}, {"model": "curriculum.lesson", "pk": 12, "fields": {"chapter": null, "title": "Câu lệnh rẽ nhánh if", "order": 4, "points_value": 20, "video": "icU7VNHtw4E", "pdf_file": "lessons/docs/Bài 4_Câu lệnh rẽ nhánh if.pdf", "game": "", "quiz": [{"question_id": 1, "question": "Câu lệnh if trong Python dùng để làm gì?", "option1": "Lặp lại một đoạn code nhiều lần", "option2": "Kiểm tra điều kiện và thực thi code tương ứng", "option3": "Định nghĩa một hàm", "option4": "Nhập dữ liệu từ bàn phím", "answer": 2}, {"question_id": 2, "question": "Cú pháp nào sau đây đúng cho câu lệnh if?", "option1": "if x > 5 then:", "option2": "if (x > 5)", "option3": "if x > 5:", "option4": "if x > 5 {}", "answer": 3}, {"question_id": 3, "question": "Từ khóa nào dùng để xử lý trường hợp còn lại trong câu lệnh if?", "option1": "otherwise", "option2": "else", "option3": "endif", "option4": "default", "answer": 2}, {"question_id": 4, "question": "Từ khóa elif trong Python là viết tắt của gì?", "option1": "else if", "option2": "end if", "option3": "elif function", "option4": "element if", "answer": 1}, {"question_id": 5, "question": "Cho x = 15. Kết quả của câu lệnh sau là gì? if x > 10: print(\"A\") else: print(\"B\")", "option1": "A", "option2": "B", "option3": "AB", "option4": "Lỗi", "answer": 1}], "coding": [{"question_id": 1, "question": "Viết chương trình nhận một số nguyên từ người dùng và kiểm tra xem số đó là số chẵn hay số lẻ.\n\nYêu cầu:\n- Sử dụng input() để nhận số từ người dùng\n- Chuyển đổi thành số nguyên bằng int()\n- Nếu số chẵn, in ra: 'Số chẵn'\n- Nếu số lẻ, in ra: 'Số lẻ'\n\nGợi ý: Sử dụng toán tử % để kiểm tra số dư khi chia cho 2", "test_cases": [{"input": "4", "expected_output": "Số chẵn"}, {"input": "7", "expected_output": "Số lẻ"}, {"input": "0", "expected_output": "Số chẵn"}], "starter_code": "# Viết code của bạn ở đây\nn = int(input())\n\n"}, {"question_id": 2, "question": "Viết chương trình nhận một số từ người dùng và xác định số đó là dương, âm hay bằng 0.\n\nYêu cầu:\n- Nhận một số từ người dùng\n- Nếu số > 0, in ra: 'Số dương'\n- Nếu số < 0, in ra: 'Số âm'\n- Nếu số = 0, in ra: 'Bằng không'", "test_cases": [{"input": "5", "expected_output": "Số dương"}, {"input": "-3", "expected_output": "Số âm"}, {"input": "0", "expected_output": "Bằng không"}], "starter_code": "# Viết code của bạn ở đây\nn = int(input())\n\n"}]}}, {"model": "curriculum.lesson", "pk": 13, "fields": {"chapter": null, "title": "Câu lệnh lặp for", "order": 5, "points_value": 20, "video": "iIvizLSMIbQ", "pdf_file": "lessons/docs/Bài 5_Câu lệnh lặp for.pdf", "game": "", "quiz": [{"question_id": 1, "question": "Vòng lặp for trong Python dùng để làm gì?", "option1": "Kiểm tra điều kiện", "option2": "Lặp qua một chuỗi các phần tử", "option3": "Định nghĩa hàm", "option4": "Nhập dữ liệu", "answer": 2}, {"question_id": 2, "question": "Hàm range(5) tạo ra dãy số nào?", "option1": "1, 2, 3, 4, 5", "option2": "0, 1, 2, 3, 4", "option3": "0, 1, 2, 3, 4, 5", "option4": "1, 2, 3, 4", "answer": 2}, {"question_id": 3, "question": "Cú pháp nào đúng để duyệt qua danh sách fruits = ['apple', 'banana']?", "option1": "for fruit in fruits:", "option2": "for (fruit in fruits)", "option3": "for fruit of fruits:", "option4": "foreach fruit in fruits:", "answer": 1}, {"question_id": 4, "question": "Lệnh nào dùng để thoát khỏi vòng lặp for sớm?", "option1": "exit", "option2": "break", "option3": "stop", "option4": "return", "answer": 2}, {"question_id": 5, "question": "Lệnh continue trong vòng lặp for làm gì?", "option1": "Dừng vòng lặp hoàn toàn", "option2": "Bỏ qua phần còn lại và chuyển sang vòng lặp tiếp theo", "option3": "Lặp lại vòng lặp từ đầu", "option4": "Thoát khỏi chương trình", "answer": 2}], "coding": [{"question_id": 1, "question": "Viết chương trình in ra các số từ 1 đến 5, mỗi số trên một dòng.\n\nYêu cầu:\n- Sử dụng vòng lặp for\n- In ra các số: 1, 2, 3, 4, 5 (mỗi số trên một dòng)", "test_cases": [{"input": "", "expected_output": "1\n2\n3\n4\n5"}], "starter_code": "# Viết code của bạn ở đây\n# Sử dụng vòng lặp for với range()\n\n"}, {"question_id": 2, "question": "Viết chương trình tính tổng các số từ 1 đến 10.\n\nYêu cầu:\n- Sử dụng vòng lặp for\n- Tính tổng 1 + 2 + 3 + ... + 10\n- In ra kết quả (số 55)", "test_cases": [{"input": "", "expected_output": "55"}], "starter_code": "# Viết code của bạn ở đây\ntong = 0\n# Sử dụng vòng lặp for để cộng các số\n\n"}]}}, {"model": "curriculum.lesson", "pk": 14, "fields": {"chapter": null, "title": "Câu lệnh While", "order": 6, "points_value": 20, "video": "8Qaw9XNGroM", "pdf_file": "lessons/docs/Bài 6_Câu lệnh While.pdf", "game": "Game1.html", "quiz": [{"question_id": 1, "question": "Vòng lặp while khác với vòng lặp for như thế nào?", "option1": "while lặp khi điều kiện đúng, for lặp qua một chuỗi", "option2": "while nhanh hơn for", "option3": "while chỉ dùng với số nguyên", "option4": "Không có sự khác biệt", "answer": 1}, {"question_id": 2, "question": "Cú pháp nào đúng cho vòng lặp while?", "option1": "while x > 0 do:", "option2": "while (x > 0):", "option3": "while x > 0:", "option4": "while x > 0 then:", "answer": 3}, {"question_id": 3, "question": "Điều gì xảy ra nếu điều kiện trong while luôn đúng?", "option1": "Vòng lặp kết thúc ngay", "option2": "Chương trình báo lỗi", "option3": "Tạo ra vòng lặp vô tận", "option4": "Không có gì xảy ra", "answer": 3}, {"question_id": 4, "question": "Cho x = 0. Vòng lặp while x < 3: x += 1 sẽ chạy bao nhiêu lần?", "option1": "2 lần", "option2": "3 lần", "option3": "4 lần", "option4": "Vô tận", "answer": 2}, {"question_id": 5, "question": "Lệnh nào dùng để thoát khỏi vòng lặp while?", "option1": "exit", "option2": "break", "option3": "stop", "option4": "end", "answer": 2}], "coding": [{"question_id": 1, "question": "Viết chương trình đếm ngược từ 5 về 1, mỗi số trên một dòng.\n\nYêu cầu:\n- Sử dụng vòng lặp while\n- In ra các số: 5, 4, 3, 2, 1 (mỗi số trên một dòng)", "test_cases": [{"input": "", "expected_output": "5\n4\n3\n2\n1"}], "starter_code": "# Viết code của bạn ở đây\nn = 5\n# Sử dụng vòng lặp while\n\n"}, {"question_id": 2, "question": "Viết chương trình nhận các số từ người dùng cho đến khi người dùng nhập số 0, sau đó in ra tổng các số đã nhập (không tính số 0).\n\nYêu cầu:\n- Sử dụng vòng lặp while\n- Khi người dùng nhập 0, dừng lại và in tổng", "test_cases": [{"input": "5\n3\n2\n0", "expected_output": "10"}, {"input": "1\n1\n1\n1\n0", "expected_output": "4"}, {"input": "0", "expected_output": "0"}], "starter_code": "# Viết code của bạn ở đây\ntong = 0\n# Sử dụng vòng lặp while\n\n"}]}}, {"model": "curriculum.lesson", "pk": 15, "fields": {"chapter": null, "title": "Kiểu dữ liệu danh sách", "order": 7, "points_value": 20, "video": "7OMZwM_7eps", "pdf_file": "lessons/docs/Bài 7_Kiểu dữ liệu danh sách.pdf", "game": "", "quiz": [{"question_id": 1, "question": "Danh sách (list) trong Python là gì?", "option1": "Một kiểu dữ liệu lưu trữ nhiều giá trị có thứ tự", "option2": "Một hàm toán học", "option3": "Một vòng lặp", "option4": "Một câu lệnh điều kiện", "answer": 1}, {"question_id": 2, "question": "Cách khai báo danh sách nào sau đây là đúng?", "option1": "my_list = (1, 2, 3)", "option2": "my_list = [1, 2, 3]", "option3": "my_list = {1, 2, 3}", "option4": "my_list = <1, 2, 3>", "answer": 2}, {"question_id": 3, "question": "Chỉ số (index) của phần tử đầu tiên trong danh sách là bao nhiêu?", "option1": "1", "option2": "0", "option3": "-1", "option4": "Tùy thuộc vào danh sách", "answer": 2}, {"question_id": 4, "question": "Cho list = [10, 20, 30]. Giá trị của list[1] là gì?", "option1": "10", "option2": "20", "option3": "30", "option4": "Lỗi", "answer": 2}, {"question_id": 5, "question": "Danh sách trong Python có thể chứa các kiểu dữ liệu khác nhau không?", "option1": "Không, chỉ một kiểu", "option2": "Có, có thể chứa nhiều kiểu khác nhau", "option3": "Chỉ chứa số", "option4": "Chỉ chứa chuỗi", "answer": 2}], "coding": []}}, {"model": "curriculum.lesson", "pk": 16, "fields": {"chapter": null, "title": "Một số lệnh làm việc với danh sách", "order": 8, "points_value": 20, "video": "fPjvxxRBKUg", "pdf_file": "lessons/docs/Bài 8_Một số lệnh làm việc với danh sách.pdf", "game": "", "quiz": [{"question_id": 1, "question": "Phương thức nào dùng để thêm một phần tử vào cuối danh sách?", "option1": "add()", "option2": "append()", "option3": "insert()", "option4": "push()", "answer": 2}, {"question_id": 2, "question": "Phương thức nào dùng để xóa phần tử cuối cùng của danh sách?", "option1": "delete()", "option2": "remove()", "option3": "pop()", "option4": "clear()", "answer": 3}, {"question_id": 3, "question": "Hàm len() làm gì với danh sách?", "option1": "Xóa danh sách", "option2": "Sắp xếp danh sách", "option3": "Trả về số lượng phần tử trong danh sách", "option4": "Đảo ngược danh sách", "answer": 3}, {"question_id": 4, "question": "Phương thức sort() làm gì?", "option1": "Xóa danh sách", "option2": "Sắp xếp danh sách tăng dần", "option3": "Đảo ngược danh sách", "option4": "Thêm phần tử vào danh sách", "answer": 2}, {"question_id": 5, "question": "Cho list = [1, 2, 3]. Sau khi list.append(4), list có giá trị nào?", "option1": "[4, 1, 2, 3]", "option2": "[1, 2, 3, 4]", "option3": "[1, 2, 4, 3]", "option4": "[1, 4, 2, 3]", "answer": 2}], "coding": [{"question_id": 1, "question": "Viết chương trình tạo một danh sách gồm 5 số: [10, 20, 30, 40, 50] và in ra phần tử đầu tiên và phần tử cuối cùng.\n\nYêu cầu:\n- Tạo list: [10, 20, 30, 40, 50]\n- In ra phần tử đầu tiên (10)\n- In ra phần tử cuối cùng (50)", "test_cases": [{"input": "", "expected_output": "10\n50"}], "starter_code": "# Viết code của bạn ở đây\nds = [10, 20, 30, 40, 50]\n\n"}, {"question_id": 2, "question": "Viết chương trình tạo một danh sách rỗng, thêm 3 số (1, 2, 3) vào danh sách bằng phương thức append(), sau đó in ra độ dài của danh sách.\n\nYêu cầu:\n- Tạo list rỗng\n- Thêm các số 1, 2, 3 bằng append()\n- In ra độ dài (số 3)", "test_cases": [{"input": "", "expected_output": "3"}], "starter_code": "# Viết code của bạn ở đây\nds = []\n\n"}]}}, {"model": "curriculum.lesson", "pk": 17, "fields": {"chapter": null, "title": "Xâu ký tự", "order": 9, "points_value": 20, "video": "LVQwH0p7Df4", "pdf_file": "lessons/docs/Bài 9_Xâu ký tự.pdf", "game": "", "quiz": [{"question_id": 1, "question": "Xâu ký tự (string) trong Python được bao bọc bởi gì?", "option1": "Dấu ngoặc vuông []", "option2": "Dấu ngoặc nhọn {}", "option3": "Dấu nháy đơn '' hoặc nháy kép \"\"", "option4": "Dấu ngoặc tròn ()", "answer": 3}, {"question_id": 2, "question": "Cho s = \"Python\". Giá trị của s[0] là gì?", "option1": "P", "option2": "y", "option3": "Python", "option4": "Lỗi", "answer": 1}, {"question_id": 3, "question": "Xâu ký tự trong Python có thể thay đổi được không?", "option1": "Có, có thể thay đổi từng ký tự", "option2": "Không, xâu là bất biến (immutable)", "option3": "Chỉ thay đổi được nếu dùng hàm đặc biệt", "option4": "Tùy thuộc vào cách khai báo", "answer": 2}, {"question_id": 4, "question": "Toán tử + với xâu ký tự làm gì?", "option1": "Cộng các số trong xâu", "option2": "Nối các xâu lại với nhau", "option3": "So sánh các xâu", "option4": "Xóa xâu", "answer": 2}, {"question_id": 5, "question": "Cho s = \"Hello\". Kết quả của s * 2 là gì?", "option1": "Hello2", "option2": "HelloHello", "option3": "Hello Hello", "option4": "Lỗi", "answer": 2}], "coding": []}}, {"model": "curriculum.progress", "pk": 1, "fields": {"student": ["Test1"], "lesson": 9, "is_completed": true, "is_unlocked": true, "quiz_passed": true, "quiz_score": 5, "code_test_passed": false}}, {"model": "curriculum.progress", "pk": 2, "fields": {"student": ["Test1"], "lesson": 10, "is_completed": true, "is_unlocked": true, "quiz_passed": true, "quiz_score": 5, "code_test_passed": false}}, {"model": "curriculum.progress", "pk": 3, "fields": {"student": ["Test1"], "lesson": 11, "is_completed": true, "is_unlocked": true, "quiz_passed": true, "quiz_score": 5, "code_test_passed": true}}, {"model": "curriculum.progress", "pk": 4, "fields": {"student": ["Test1"], "lesson": 12, "is_completed": true, "is_unlocked": true, "quiz_passed": true, "quiz_score": 5, "code_test_passed": true}}, {"model": "curriculum.progress", "pk": 5, "fields": {"student": ["Test1"], "lesson": 13, "is_completed": false, "is_unlocked": true, "quiz_passed": true, "quiz_score": 5, "code_test_passed": false}}, {"model": "curriculum.progress", "pk": 6, "fields": {"student": ["Test1"], "lesson": 14, "is_completed": false, "is_unlocked": false, "quiz_passed": false, "quiz_score": 0, "code_test_passed": false}}, {"model": "curriculum.progress", "pk": 7, "fields": {"student": ["Test1"], "lesson": 15, "is_completed": false, "is_unlocked": false, "quiz_passed": false, "quiz_score": 0, "code_test_passed": false}}, {"model": "curriculum.progress", "pk": 8, "fields": {"student": ["Test1"], "lesson": 16, "is_completed": false, "is_unlocked": false, "quiz_passed": false, "quiz_score": 0, "code_test_passed": false}}, {"model": "curriculum.progress", "pk": 9, "fields": {"student": ["Test1"], "lesson": 17, "is_completed": false, "is_unlocked": false, "quiz_passed": false, "quiz_score": 0, "code_test_passed": false}}, {"model": "curriculum.progress", "pk": 10, "fields": {"student": ["Test1"], "lesson": 1, "is_completed": false, "is_unlocked": false, "quiz_passed": false, "quiz_score": 0, "code_test_passed": false}}, {"model": "curriculum.progress", "pk": 11, "fields": {"student": ["Test1"], "lesson": 2, "is_completed": false, "is_unlocked": false, "quiz_passed": false, "quiz_score": 0, "code_test_passed": false}}, {"model": "curriculum.progress", "pk": 12, "fields": {"student": ["Test1"], "lesson": 3, "is_completed": false, "is_unlocked": false, "quiz_passed": false, "quiz_score": 0, "code_test_passed": false}}, {"model": "curriculum.progress", "pk": 13, "fields": {"student": ["Test1"], "lesson": 4, "is_completed": false, "is_unlocked": false, "quiz_passed": false, "quiz_score": 0, "code_test_passed": false}}, {"model": "curriculum.progress", "pk": 14, "fields": {"student": ["Test1"], "lesson": 5, "is_completed": false, "is_unlocked": false, "quiz_passed": false, "quiz_score": 0, "code_test_passed": false}}, {"model": "curriculum.progress", "pk": 15, "fields": {"student": ["Test1"], "lesson": 6, "is_completed": false, "is_unlocked": false, "quiz_passed": false, "quiz_score": 0, "code_test_passed": false}}, {"model": "curriculum.progress", "pk": 16, "fields": {"student": ["Test1"], "lesson": 7, "is_completed": false, "is_unlocked": false, "quiz_passed": false, "quiz_score": 0, "code_test_passed": false}}, {"model": "curriculum.progress", "pk": 17, "fields": {"student": ["Test1"], "lesson": 8, "is_completed": false, "is_unlocked": false, "quiz_passed": false, "quiz_score": 0, "code_test_passed": false}}, {"model": "curriculum.progress", "pk": 18, "fields": {"student": ["barry189"], "lesson": 9, "is_completed": true, "is_unlocked": true, "quiz_passed": true, "quiz_score": 5, "code_test_passed": false}}, {"model": "curriculum.progress", "pk": 19, "fields": {"student": ["barry189"], "lesson": 10, "is_completed": true, "is_unlocked": true, "quiz_passed": true, "quiz_score": 5, "code_test_passed": false}}, {"model": "curriculum.progress", "pk": 20, "fields": {"student": ["barry189"], "lesson": 11, "is_completed": true, "is_unlocked": true, "quiz_passed": true, "quiz_score": 5, "code_test_passed": false}}, {"model": "curriculum.progress", "pk": 21, "fields": {"student": ["barry189"], "lesson": 12, "is_completed": false, "is_unlocked": true, "quiz_passed": false, "quiz_score": 0, "code_test_passed": false}}, {"model": "curriculum.progress", "pk": 22, "fields": {"student": ["barry189"], "lesson": 13, "is_completed": false, "is_unlocked": false, "quiz_passed": false, "quiz_score": 0, "code_test_passed": false}}, {"model": "curriculum.progress", "pk": 23, "fields": {"student": ["barry189"], "lesson": 14, "is_completed": false, "is_unlocked": false, "quiz_passed": false, "quiz_score": 0, "code_test_passed": false}}, {"model": "curriculum.progress", "pk": 24, "fields": {"student": ["barry189"], "lesson": 15, "is_completed": false, "is_unlocked": false, "quiz_passed": false, "quiz_score": 0, "code_test_passed": false}}, {"model": "curriculum.progress", "pk": 25, "fields": {"student": ["barry189"], "lesson": 16, "is_completed": false, "is_unlocked": false, "quiz_passed": false, "quiz_score": 0, "code_test_passed": false}}, {"model": "curriculum.progress", "pk": 26, "fields": {"student": ["barry189"], "lesson": 17, "is_completed": false, "is_unlocked": false, "quiz_passed": false, "quiz_score": 0, "code_test_passed": false}}, {"model": "curriculum.progress", "pk": 27, "fields": {"student": ["barry189"], "lesson": 1, "is_completed": false, "is_unlocked": false, "quiz_passed": false, "quiz_score": 0, "code_test_passed": false}}, {"model": "curriculum.progress", "pk": 28, "fields": {"student": ["barry189"], "lesson": 2, "is_completed": false, "is_unlocked": false, "quiz_passed": false, "quiz_score": 0, "code_test_passed": false}}, {"model": "curriculum.progress", "pk": 29, "fields": {"student": ["barry189"], "lesson": 3, "is_completed": false, "is_unlocked": false, "quiz_passed": false, "quiz_score": 0, "code_test_passed": false}}, {"model": "curriculum.progress", "pk": 30, "fields": {"student": ["barry189"], "lesson": 4, "is_completed": false, "is_unlocked": false, "quiz_passed": false, "quiz_score": 0, "code_test_passed": false}}, {"model": "curriculum.progress", "pk": 31, "fields": {"student": ["barry189"], "lesson": 5, "is_completed": false, "is_unlocked": false, "quiz_passed": false, "quiz_score": 0, "code_test_passed": false}}, {"model": "curriculum.progress", "pk": 32, "fields": {"student": ["barry189"], "lesson": 6, "is_completed": false, "is_unlocked": false, "quiz_passed": false, "quiz_score": 0, "code_test_passed": false}}, {"model": "curriculum.progress", "pk": 33, "fields": {"student": ["barry189"], "lesson": 7, "is_completed": false, "is_unlocked": false, "quiz_passed": false, "quiz_score": 0, "code_test_passed": false}}, {"model": "curriculum.progress", "pk": 34, "fields": {"student": ["barry189"], "lesson": 8, "is_completed": false, "is_unlocked": false, "quiz_passed": false, "quiz_score": 0, "code_test_passed": false}}, {"model": "curriculum.progress", "pk": 35, "fields": {"student": ["kent@io"], "lesson": 9, "is_completed": false, "is_unlocked": true, "quiz_passed": false, "quiz_score": 0, "code_test_passed": false}}, {"model": "curriculum.progress", "pk": 36, "fields": {"student": ["kent@io"], "lesson": 10, "is_completed": false, "is_unlocked": false, "quiz_passed": false, "quiz_score": 0, "code_test_passed": false}}, {"model": "curriculum.progress", "pk": 37, "fields": {"student": ["kent@io"], "lesson": 11, "is_completed": false, "is_unlocked": false, "quiz_passed": false, "quiz_score": 0, "code_test_passed": false}}, {"model": "curriculum.progress", "pk": 38, "fields": {"student": ["kent@io"], "lesson": 12, "is_completed": false, "is_unlocked": false, "quiz_passed": false, "quiz_score": 0, "code_test_passed": false}}, {"model": "curriculum.progress", "pk": 39, "fields": {"student": ["kent@io"], "lesson": 13, "is_completed": false, "is_unlocked": false, "quiz_passed": false, "quiz_score": 0, "code_test_passed": false}}, {"model": "curriculum.progress", "pk": 40, "fields": {"student": ["kent@io"], "lesson": 14, "is_completed": false, "is_unlocked": false, "quiz_passed": false, "quiz_score": 0, "code_test_passed": false}}, {"model": "curriculum.progress", "pk": 41, "fields": {"student": ["kent@io"], "lesson": 15, "is_completed": false, "is_unlocked": false, "quiz_passed": false, "quiz_score": 0, "code_test_passed": false}}, {"model": "curriculum.progress", "pk": 42, "fields": {"student": ["kent@io"], "lesson": 16, "is_completed": false, "is_unlocked": false, "quiz_passed": false, "quiz_score": 0, "code_test_passed": false}}, {"model": "curriculum.progress", "pk": 43, "fields": {"student": ["kent@io"], "lesson": 17, "is_completed": false, "is_unlocked": false, "quiz_passed": false, "quiz_score": 0, "code_test_passed": false}}, {"model": "curriculum.progress", "pk": 44, "fields": {"student": ["kent@io"], "lesson": 1, "is_completed": false, "is_unlocked": false, "quiz_passed": false, "quiz_score": 0, "code_test_passed": false}}, {"model": "curriculum.progress", "pk": 45, "fields": {"student": ["kent@io"], "lesson": 2, "is_completed": false, "is_unlocked": false, "quiz_passed": false, "quiz_score": 0, "code_test_passed": false}}, {"model": "curriculum.progress", "pk": 46, "fields": {"student": ["kent@io"], "lesson": 3, "is_completed": false, "is_unlocked": false, "quiz_passed": false, "quiz_score": 0, "code_test_passed": false}}, {"model": "curriculum.progress", "pk": 47, "fields": {"student": ["kent@io"], "lesson": 4, "is_completed": false, "is_unlocked": false, "quiz_passed": false, "quiz_score": 0, "code_test_passed": false}}, {"model": "curriculum.progress", "pk": 48, "fields": {"student": ["kent@io"], "lesson": 5, "is_completed": false, "is_unlocked": false, "quiz_passed": false, "quiz_score": 0, "code_test_passed": false}}, {"model": "curriculum.progress", "pk": 49, "fields": {"student": ["kent@io"], "lesson": 6, "is_completed": false, "is_unlocked": false, "quiz_passed": false, "quiz_score": 0, "code_test_passed": false}}, {"model": "curriculum.progress", "pk": 50, "fields": {"student": ["kent@io"], "lesson": 7, "is_completed": false, "is_unlocked": false, "quiz_passed": false, "quiz_score": 0, "code_test_passed": false}}, {"model": "curriculum.progress", "pk": 51, "fields": {"student": ["kent@io"], "lesson": 8, "is_completed": false, "is_unlocked": false, "quiz_passed": false, "quiz_score": 0, "code_test_passed": false}}, {"model": "curriculum.progress", "pk": 52, "fields": {"student": ["coral98"], "lesson": 9, "is_completed": true, "is_unlocked": true, "quiz_passed": true, "quiz_score": 5, "code_test_passed": false}}, {"model": "curriculum.progress", "pk": 53, "fields": {"student": ["coral98"], "lesson": 10, "is_completed": false, "is_unlocked": true, "quiz_passed": false, "quiz_score": 0, "code_test_passed": false}}, {"model": "curriculum.progress", "pk": 54, "fields": {"student": ["coral98"], "lesson": 11, "is_completed": false, "is_unlocked": false, "quiz_passed": false, "quiz_score": 0, "code_test_passed": false}}, {"model": "curriculum.progress", "pk": 55, "fields": {"student": ["coral98"], "lesson": 12, "is_completed": false, "is_unlocked": false, "quiz_passed": false, "quiz_score": 0, "code_test_passed": false}}, {"model": "curriculum.progress", "pk": 56, "fields": {"student": ["coral98"], "lesson": 13, "is_completed": false, "is_unlocked": false, "quiz_passed": false, "quiz_score": 0, "code_test_passed": false}}, {"model": "curriculum.progress", "pk": 57, "fields": {"student": ["coral98"], "lesson": 14, "is_completed": false, "is_unlocked": false, "quiz_passed": false, "quiz_score": 0, "code_test_passed": false}}, {"model": "curriculum.progress", "pk": 58, "fields": {"student": ["coral98"], "lesson": 15, "is_completed": false, "is_unlocked": false, "quiz_passed": false, "quiz_score": 0, "code_test_passed": false}}, {"model": "curriculum.progress", "pk": 59, "fields": {"student": ["coral98"], "lesson": 16, "is_completed": false, "is_unlocked": false, "quiz_passed": false, "quiz_score": 0, "code_test_passed": false}}, {"model": "curriculum.progress", "pk": 60, "fields": {"student": ["coral98"], "lesson": 17, "is_completed": false, "is_unlocked": false, "quiz_passed": false, "quiz_score": 0, "code_test_passed": false}}, {"model": "curriculum.progress", "pk": 61, "fields": {"student": ["coral98"], "lesson": 1, "is_completed": false, "is_unlocked": false, "quiz_passed": false, "quiz_score": 0, "code_test_passed": false}}, {"model": "curriculum.progress", "pk": 62, "fields": {"student": ["coral98"], "lesson": 2, "is_completed": false, "is_unlocked": false, "quiz_passed": false, "quiz_score": 0, "code_test_passed": false}}, {"model": "curriculum.progress", "pk": 63, "fields": {"student": ["coral98"], "lesson": 3, "is_completed": false, "is_unlocked": false, "quiz_passed": false, "quiz_score": 0, "code_test_passed": false}}, {"model": "curriculum.progress", "pk": 64, "fields": {"student": ["coral98"], "lesson": 4, "is_completed": false, "is_unlocked": false, "quiz_passed": false, "quiz_score": 0, "code_test_passed": false}}, {"model": "curriculum.progress", "pk": 65, "fields": {"student": ["coral98"], "lesson": 5, "is_completed": false, "is_unlocked": false, "quiz_passed": false, "quiz_score": 0, "code_test_passed": false}}, {"model": "curriculum.progress", "pk": 66, "fields": {"student": ["coral98"], "lesson": 6, "is_completed": false, "is_unlocked": false, "quiz_passed": false, "quiz_score": 0, "code_test_passed": false}}, {"model": "curriculum.progress", "pk": 67, "fields": {"student": ["coral98"], "lesson": 7, "is_completed": false, "is_unlocked": false, "quiz_passed": false, "quiz_score": 0, "code_test_passed": false}}, {"model": "curriculum.progress", "pk": 68, "fields": {"student": ["coral98"], "lesson": 8, "is_completed": false, "is_unlocked": false, "quiz_passed": false, "quiz_score": 0, "code_test_passed": false}}, {"model": "curriculum.progress", "pk": 69, "fields": {"student": ["vankien41hust"], "lesson": 9, "is_completed": false, "is_unlocked": true, "quiz_passed": false, "quiz_score": 0, "code_test_passed": false}}, {"model": "curriculum.progress", "pk": 70, "fields": {"student": ["vankien41hust"], "lesson": 10, "is_completed": false, "is_unlocked": false, "quiz_passed": false, "quiz_score": 0, "code_test_passed": false}}, {"model": "curriculum.progress", "pk": 71, "fields": {"student": ["vankien41hust"], "lesson": 11, "is_completed": false, "is_unlocked": false, "quiz_passed": false, "quiz_score": 0, "code_test_passed": false}}, {"model": "curriculum.progress", "pk": 72, "fields": {"student": ["vankien41hust"], "lesson": 12, "is_completed": false, "is_unlocked": false, "quiz_passed": false, "quiz_score": 0, "code_test_passed": false}}, {"model": "curriculum.progress", "pk": 73, "fields": {"student": ["vankien41hust"], "lesson": 13, "is_completed": false, "is_unlocked": false, "quiz_passed": false, "quiz_score": 0, "code_test_passed": false}}, {"model": "curriculum.progress", "pk": 74, "fields": {"student": ["vankien41hust"], "lesson": 14, "is_completed": false, "is_unlocked": false, "quiz_passed": false, "quiz_score": 0, "code_test_passed": false}}, {"model": "curriculum.progress", "pk": 75, "fields": {"student": ["vankien41hust"], "lesson": 15, "is_completed": false, "is_unlocked": false, "quiz_passed": false, "quiz_score": 0, "code_test_passed": false}}, {"model": "curriculum.progress", "pk": 76, "fields": {"student": ["vankien41hust"], "lesson": 16, "is_completed": false, "is_unlocked": false, "quiz_passed": false, "quiz_score": 0, "code_test_passed": false}}, {"model": "curriculum.progress", "pk": 77, "fields": {"student": ["vankien41hust"], "lesson": 17, "is_completed": false, "is_unlocked": false, "quiz_passed": false, "quiz_score": 0, "code_test_passed": false}}, {"model": "curriculum.progress", "pk": 78, "fields": {"student": ["vankien41hust"], "lesson": 1, "is_completed": false, "is_unlocked": false, "quiz_passed": false, "quiz_score": 0, "code_test_passed": false}}, {"model": "curriculum.progress", "pk": 79, "fields": {"student": ["vankien41hust"], "lesson": 2, "is_completed": false, "is_unlocked": false, "quiz_passed": false, "quiz_score": 0, "code_test_passed": false}}, {"model": "curriculum.progress", "pk": 80, "fields": {"student": ["vankien41hust"], "lesson": 3, "is_completed": false, "is_unlocked": false, "quiz_passed": false, "quiz_score": 0, "code_test_passed": false}}, {"model": "curriculum.progress", "pk": 81, "fields": {"student": ["vankien41hust"], "lesson": 4, "is_completed": false, "is_unlocked": false, "quiz_passed": false, "quiz_score": 0, "code_test_passed": false}}, {"model": "curriculum.progress", "pk": 82, "fields": {"student": ["vankien41hust"], "lesson": 5, "is_completed": false, "is_unlocked": false, "quiz_passed": false, "quiz_score": 0, "code_test_passed": false}}, {"model": "curriculum.progress", "pk": 83, "fields": {"student": ["vankien41hust"], "lesson": 6, "is_completed": false, "is_unlocked": false, "quiz_passed": false, "quiz_score": 0, "code_test_passed": false}}, {"model": "curriculum.progress", "pk": 84, "fields": {"student": ["vankien41hust"], "lesson": 7, "is_completed": false, "is_unlocked": false, "quiz_passed": false, "quiz_score": 0, "code_test_passed": false}}, {"model": "curriculum.progress", "pk": 85, "fields": {"student": ["vankien41hust"], "lesson": 8, "is_completed": false, "is_unlocked": false, "quiz_passed": false, "quiz_score": 0, "code_test_passed": false}}, {"model": "curriculum.progress", "pk": 86, "fields": {"student": ["diana41"], "lesson": 9, "is_completed": false, "is_unlocked": true, "quiz_passed": false, "quiz_score": 0, "code_test_passed": false}}, {"model": "curriculum.progress", "pk": 87, "fields": {"student": ["diana41"], "lesson": 10, "is_completed": false, "is_unlocked": false, "quiz_passed": false, "quiz_score": 0, "code_test_passed": false}}, {"model": "curriculum.progress", "pk": 88, "fields": {"student": ["diana41"], "lesson": 11, "is_completed": false, "is_unlocked": false, "quiz_passed": false, "quiz_score": 0, "code_test_passed": false}}, {"model": "curriculum.progress", "pk": 89, "fields": {"student": ["diana41"], "lesson": 12, "is_completed": false, "is_unlocked": false, "quiz_passed": false, "quiz_score": 0, "code_test_passed": false}}, {"model": "curriculum.progress", "pk": 90, "fields": {"student": ["diana41"], "lesson": 13, "is_completed": false, "is_unlocked": false, "quiz_passed": false, "quiz_score": 0, "code_test_passed": false}}, {"model": "curriculum.progress", "pk": 91, "fields": {"student": ["diana41"], "lesson": 14, "is_completed": false, "is_unlocked": false, "quiz_passed": false, "quiz_score": 0, "code_test_passed": false}}, {"model": "curriculum.progress", "pk": 92, "fields": {"student": ["diana41"], "lesson": 15, "is_completed": false, "is_unlocked": false, "quiz_passed": false, "quiz_score": 0, "code_test_passed": false}}, {"model": "curriculum.progress", "pk": 93, "fields": {"student": ["diana41"], "lesson": 16, "is_completed": false, "is_unlocked": false, "quiz_passed": false, "quiz_score": 0, "code_test_passed": false}}, {"model": "curriculum.progress", "pk": 94, "fields": {"student": ["diana41"], "lesson": 17, "is_completed": false, "is_unlocked": false, "quiz_passed": false, "quiz_score": 0, "code_test_passed": false}}, {"model": "curriculum.progress", "pk": 95, "fields": {"student": ["diana41"], "lesson": 1, "is_completed": false, "is_unlocked": false, "quiz_passed": false, "quiz_score": 0, "code_test_passed": false}}, {"model": "curriculum.progress", "pk": 96, "fields": {"student": ["diana41"], "lesson": 2, "is_completed": false, "is_unlocked": false, "quiz_passed": false, "quiz_score": 0, "code_test_passed": false}}, {"model": "curriculum.progress", "pk": 97, "fields": {"student": ["diana41"], "lesson": 3, "is_completed": false, "is_unlocked": false, "quiz_passed": false, "quiz_score": 0, "code_test_passed": false}}, {"model": "curriculum.progress", "pk": 98, "fields": {"student": ["diana41"], "lesson": 4, "is_completed": false, "is_unlocked": false, "quiz_passed": false, "quiz_score": 0, "code_test_passed": false}}, {"model": "curriculum.progress", "pk": 99, "fields": {"student": ["diana41"], "lesson": 5, "is_completed": false, "is_unlocked": false, "quiz_passed": false, "quiz_score": 0, "code_test_passed": false}}, {"model": "curriculum.progress", "pk": 100, "fields": {"student": ["diana41"], "lesson": 6, "is_completed": false, "is_unlocked": false, "quiz_passed": false, "quiz_score": 0, "code_test_passed": false}}, {"model": "curriculum.progress", "pk": 101, "fields": {"student": ["diana41"], "lesson": 7, "is_completed": false, "is_unlocked": false, "quiz_passed": false, "quiz_score": 0, "code_test_passed": false}}, {"model": "curriculum.progress", "pk": 102, "fields": {"student": ["diana41"], "lesson": 8, "is_completed": false, "is_unlocked": false, "quiz_passed": false, "quiz_score": 0, "code_test_passed": false}}, {"model": "exams.activeexam", "pk": 1, "fields": {"title": "Python Test Exam", "teacher": ["admin"], "exam_type": "multi_choice", "questions": [{"id": 1, "question": "What is Python?", "options": ["A snake", "A programming language", "A food", "A game"], "correct_answer": 1}], "start_time": "2026-01-04T15:15:00Z", "end_time": "2026-01-04T15:20:00Z", "duration_minutes": 5, "is_ended": false, "points_value": 30, "allowed_classes": ["10A1", "10A2", "10A3", "10C1", "10C2", "10C3", "10C4", "10C5", "10D1", "10D2"], "password": null, "created_at": "2026-01-04T08:16:11.201Z", "updated_at": "2026-01-04T08:16:11.201Z"}}, {"model": "exams.activeexam", "pk": 2, "fields": {"title": "Let Test", "teacher": ["admin"], "exam_type": "multi_choice", "questions": [{"id": 1, "question": "What is Python?", "options": ["A snake", "A programming language", "A food", "A game"], "correct_answer": 1}], "start_time": "2026-01-04T15:19:00Z", "end_time": "2026-01-04T15:25:00Z", "duration_minutes": 5, "is_ended": false, "points_value": 50, "allowed_classes": [], "password": "111", "created_at": "2026-01-04T08:19:55.923Z", "updated_at": "2026-01-04T08:19:55.923Z"}}, {"model": "exams.activeexam", "pk": 3, "fields": {"title": "Pass now", "teacher": ["admin"], "exam_type": "coding", "questions": [{"id": 1, "title": "Sum Two Numbers", "description": "Write a function that returns the sum of two numbers", "starter_code": "def sum_two(a, b):\n    # Your code here\n    pass", "test_cases": [{"input": "1, 2", "expected": "3"}, {"input": "5, 7", "expected": "12"}], "examples": [{"input": "1, 2", "output": "3"}]}], "start_time": null, "end_time": null, "duration_minutes": 5, "is_ended": false, "points_value": 50, "allowed_classes": [], "password": null, "created_at": "2026-01-04T08:37:39.721Z", "updated_at": "2026-01-04T08:37:39.721Z"}}, {"model": "exams.activeexam", "pk": 4, "fields": {"title": "Easy Test", "teacher": ["admin"], "exam_type": "multi_choice", "questions": [{"id": 1, "question": "What is Python?", "options": ["A snake", "A programming language", "A food", "A game"], "correct_answer": 1}], "start_time": null, "end_time": null, "duration_minutes": 5, "is_ended": false, "points_value": 10, "allowed_classes": [], "password": null, "created_at": "2026-01-04T08:45:50.741Z", "updated_at": "2026-01-04T08:45:50.741Z"}}, {"model": "exams.activeexam", "pk": 5, "fields": {"title": "Test First", "teacher": ["Teacher1"], "exam_type": "multi_choice", "questions": [{"id": 1, "question": "What is Python?", "options": ["A snake", "A programming language", "A food", "A game"], "correct_answer": 1}, {"id": 2, "question": "What is Python?", "options": ["A snake", "A programming language", "A food", "A game"], "correct_answer": 1}, {"id": 3, "question": "What is Python?", "options": ["A snake", "A programming language", "A food", "A game"], "correct_answer": 1}], "start_time": null, "end_time": null, "duration_minutes": 1, "is_ended": false, "points_value": 10, "allowed_classes": [], "password": "222", "created_at": "2026-01-04T09:28:15.462Z", "updated_at": "2026-01-04T09:28:15.462Z"}}, {"model": "exams.examsubmission", "pk": 1, "fields": {"exam": 2, "student": ["admin"], "answers": {"1": 1}, "score": 1, "total_questions": 1, "stars_earned": 50, "submitted_at": "2026-01-04T08:36:08.828Z"}}, {"model": "exams.examsubmission", "pk": 2, "fields": {"exam": 4, "student": ["diana41"], "answers": {"1": 1}, "score": 1, "total_questions": 1, "stars_earned": 10, "submitted_at": "2026-01-04T08:47:02.792Z"}}, {"model": "exams.examsubmission", "pk": 3, "fields": {"exam": 4, "student": ["admin"], "answers": {"1": 0}, "score": 0, "total_questions": 1, "stars_earned": 0, "submitted_at": "2026-01-04T09:15:43.560Z"}}, {"model": "exams.examsubmission", "pk": 4, "fields": {"exam": 5, "student": ["Teacher1"], "answers": {"1": 0, "2": 1, "3": 1}, "score": 2, "total_questions": 3, "stars_earned": 6, "submitted_at": "2026-01-04T09:29:53.562Z"}}, {"model": "exams.examsubmission", "pk": 5, "fields": {"exam": 5, "student": ["barry189"], "answers": {"2": 3, "3": 1}, "score": 1, "total_questions": 3, "stars_earned": 3, "submitted_at": "2026-01-04T09:35:41.443Z"}}, {"model": "socialaccount.socialaccount", "pk": 1, "fields": {"user": ["vankien41hust"], "provider": "google", "uid": "108948372441562664420", "last_login": "2026-01-04T08:16:37.828Z", "date_joined": "2026-01-04T02:36:37.720Z", "extra_data": {"iss": "https://accounts.google.com", "azp": "743270219955-ug1ggrpibguvmf92h7327gpfthr3hnrm.apps.googleusercontent.com", "aud": "743270219955-ug1ggrpibguvmf92h7327gpfthr3hnrm.apps.googleusercontent.com", "sub": "108948372441562664420", "email": "vankien41hust@gmail.com", "email_verified": true, "at_hash": "jWoIdQrLmpW1ei6X7XV9qg", "name": "Kiên Nguyễn Văn", "picture": "https://lh3.googleusercontent.com/a/ACg8ocKiQjEr2zK3t_PVdZqr-gquLdNn69hlhYMj-pdiJ-7Xd9tlM3k=s96-c", "given_name": "Kiên", "family_name": "Nguyễn Văn", "iat": 1767514597, "exp": 1767518197}}}, {"model": "account.emailaddress", "pk": 1, "fields": {"user": ["vankien41hust"], "email": "vankien41hust@gmail.com", "verified": true, "primary": true}}]